"","numExprs","numInPGC","Qual_Change","Qual_Pvalue","Adj_Change","Adj_Pvalue"
"Gene",24122,380,-0.156814476433662,0.0234576147640554,-0.0681089509255241,0.429225661713253
"Exon",420022,6294,-0.175968198378571,1.54968959016582e-31,-0.000266757447440574,0.989819115418529
"Junction",229846,3423,-0.111604915705638,4.9341843251951e-09,0.0140023013767464,0.57872261750835
"Transcript",61950,1166,0.00268379416710746,0.931780944823248,0.00862788474715708,0.818132999014665
"ER",275885,3787,-0.0708802931943748,0.000258623168222484,0.042609687287603,0.0885567274158934
