"","OR_rp80M>0","pval_rp80M>0","OR_rp80M>0.1","pval_rp80M>0.1","OR_rp80M>0.5","pval_rp80M>0.5","OR_rp80M>1","pval_rp80M>1","OR_rp80M>2","pval_rp80M>2","OR_rp80M>5","pval_rp80M>5"
"(Intercept)",0.0114789206460958,0,0.0120313311057284,0,0.0119768901415952,0,0.0118165445052864,0,0.0117107597293019,0,0.0116194744155658,0
"codeExonSkip",1.43846313688623,3.59493536660606e-41,1.39741399607038,2.92897257083715e-13,1.48874948910764,5.79240050773327e-09,1.5068609957073,2.6028793372151e-06,1.54029642872749,0.000194504745198245,1.03957078139207,0.864399135131966
"codeAltStartEnd",1.31062681075594,9.55385829518191e-31,1.26821106478316,1.29271442861995e-11,1.27973195418949,1.72581952772618e-06,1.33069837202902,9.57902895691583e-06,1.37527364322754,0.000170129686784692,1.38488223924063,0.0143660604661152
"codeNovel",1.04157970984492,0.0790774579575918,0.596483181190227,2.74500077455812e-30,0.496475860705221,1.9211867121337e-19,0.451799054663729,2.92010329024156e-14,0.439025201959228,4.95878869369874e-09,0.424676511788032,0.000105973744928085
"meanExprs",1.00008752962781,0.000434028084475751,1.00008392112933,0.000803778044513195,1.00008083025175,0.00131535562795611,1.00007897886237,0.00173740665717161,1.00007652896583,0.00250911704994408,1.00007149230168,0.00518990908889119
"numTx",1.05478813088394,7.15717004621382e-34,1.05095284138344,2.79655147101407e-27,1.05326818075094,3.07503719956172e-28,1.056013864308,2.30622315214511e-30,1.05847030201211,9.24549101847761e-32,1.06215946995054,1.58236074980831e-33
