"","numBonf","pCutBonf","nGeneBonfID","nGeneBonfSym","effectBonf","distBonf","txUniqueBonf","novelBonf"
"Gene",4934,8.3948796837767e-09,4934,3675,"1.07 (1.04-1.11)","-40bp (-9.4kb-9.4kb)",0,0
"Exon",36299,7.63849502850534e-10,6698,5195,"1.15 (1.1-1.23)","-27bp (-14kb-13kb)",0.669849334267694,0
"Transcript",2993,1.71450773265723e-09,1708,1701,"1.1 (1.05-1.2)","-130bp (-7.8kb-5.9kb)",1,0.375208820581357
"Junction",5683,1.09464917756154e-09,2588,2376,"1.36 (1.19-1.63)","-23bp (-10kb-8.8kb)",0.311341734618236,0.112616575752244
"ER",20295,1.27992587076683e-09,5381,4503,"1.25 (1.16-1.42)","-23bp (-13kb-12kb)",1,0.527124907612712
