"","numFdr","pCutFdr","nGeneFdrID","nGeneFdrSym","effectFdr","distFdr","txUniqueFdr","novelFdr"
"Gene",7301,0.000182796310073519,7301,5407,"1.05 (1.03-1.09)","-37bp (-11kb-11kb)",0,0
"Exon",63026,9.99836829540073e-05,10514,8120,"1.11 (1.07-1.17)","-30bp (-17kb-16kb)",0.653080075238479,0
"Transcript",5227,3.06582046917708e-05,2820,2806,"1.08 (1.03-1.15)","-170bp (-9.1kb-7kb)",1,0.379758943944901
"Junction",10574,6.38291739155552e-05,4453,4098,"1.25 (1.14-1.44)","-12.5bp (-14kb-13kb)",0.289915548931942,0.100056742954416
"ER",34933,0.000124936540675697,8247,6859,"1.18 (1.12-1.31)","-12bp (-17kb-17kb)",1,0.500042939341024
